objectid,filename,title,creator,mine,depth,date,description,subject,location,latitude,longitude,source,format original,format,type,identifier,language,rights,rightsstatement
watkins0,https://github.com/selenachau/cb-watkins-demo/blob/main/objects/service-pnp-mrg-06100-06198r.jpg,"Jawor's Fun Golf, dice, p.m., Roseville, Michigan","Margolies, John",n/a,n/a,n/a,"Source Collection: Margolies, John John Margolies Roadside America photograph archive",Color;Michigan;Miniature Golf;Roseville;Slides;United States,Michigan;Roseville;United States,,,"Margolies, John John Margolies Roadside America photograph archive",,,,,,"No known restrictions on publication. For more information, see ""John Margolies Roadside America Photograph Archive - Rights and Restrictions Information"" https://www.loc.gov/rr/print/res/723_marg.html",
watkins1,https://www.lib.uidaho.edu/collectionbuilder/watkins/89-1172.jpg,Image 1,"Watkins, Carleton E.",Anaconda Mine,1000,1890,Anaconda Mine 1000 level West Ore 75 ft.,"Watkins, Carleton E., 1829-1916; Anaconda Company; Butte (Mont.); Photographic prints",Anaconda Mine; Butte; Silver Bow County; Montana; United States,46.01972222,-112.5236111,"Carleton E. Watkins photographs, 1890, PG 89, University of Idaho Library Special Collections and Archives. https://www.lib.uidaho.edu/digital/watkins/",Black and White Photograph,image/jpeg,Image;StillImage,89-1172,eng,"Material has likely passed into public domain. Digital reproductions are made available by University of Idaho Library for educational purposes, and future use should acknowledge this repository. For more information, please contact University of Idaho Library Special Collections and Archives Department at libspec@uidaho.edu. The University of Idaho Library is not liable for any violations of the law by users.",http://rightsstatements.org/vocab/NoC-US/1.0/
watkins2,https://www.lib.uidaho.edu/collectionbuilder/watkins/89-1173.jpg,Image 2,"Watkins, Carleton E.",Anaconda Mine,900,1890,Anaconda Mine 900 level West Ore 80 ft.,"Watkins, Carleton E., 1829-1916; Anaconda Company; Butte (Mont.); Photographic prints",Anaconda Mine; Butte; Silver Bow County; Montana; United States,46.01972222,-112.5236111,"Carleton E. Watkins photographs, 1890, PG 89, University of Idaho Library Special Collections and Archives. https://www.lib.uidaho.edu/digital/watkins/",Black and White Photograph,image/jpeg,Image;StillImage,89-1173,eng,"Material has likely passed into public domain. Digital reproductions are made available by University of Idaho Library for educational purposes, and future use should acknowledge this repository. For more information, please contact University of Idaho Library Special Collections and Archives Department at libspec@uidaho.edu. The University of Idaho Library is not liable for any violations of the law by users.",http://rightsstatements.org/vocab/NoC-US/1.0/
watkins3,https://www.lib.uidaho.edu/collectionbuilder/watkins/89-1174.jpg,Image 3,"Watkins, Carleton E.",Anaconda Mine,900,1890,Anaconda Mine 900 level East Ore 80 ft.,"Watkins, Carleton E., 1829-1916; Anaconda Company; Butte (Mont.); Photographic prints",Anaconda Mine; Butte; Silver Bow County; Montana; United States,46.01972222,-112.5236111,"Carleton E. Watkins photographs, 1890, PG 89, University of Idaho Library Special Collections and Archives. https://www.lib.uidaho.edu/digital/watkins/",Black and White Photograph,image/jpeg,Image;StillImage,89-1174,eng,"Material has likely passed into public domain. Digital reproductions are made available by University of Idaho Library for educational purposes, and future use should acknowledge this repository. For more information, please contact University of Idaho Library Special Collections and Archives Department at libspec@uidaho.edu. The University of Idaho Library is not liable for any violations of the law by users.",http://rightsstatements.org/vocab/NoC-US/1.0/
watkins4,https://www.lib.uidaho.edu/collectionbuilder/watkins/89-1175.jpg,Image 4,"Watkins, Carleton E.",Anaconda Mine,900,1890,Anaconda Mine 900 level West Ore 80 ft.,"Watkins, Carleton E., 1829-1916; Anaconda Company; Butte (Mont.); Photographic prints",Anaconda Mine; Butte; Silver Bow County; Montana; United States,46.01972222,-112.5236111,"Carleton E. Watkins photographs, 1890, PG 89, University of Idaho Library Special Collections and Archives. https://www.lib.uidaho.edu/digital/watkins/",Black and White Photograph,image/jpeg,Image;StillImage,89-1175,eng,"Material has likely passed into public domain. Digital reproductions are made available by University of Idaho Library for educational purposes, and future use should acknowledge this repository. For more information, please contact University of Idaho Library Special Collections and Archives Department at libspec@uidaho.edu. The University of Idaho Library is not liable for any violations of the law by users.",http://rightsstatements.org/vocab/NoC-US/1.0/
watkins5,https://www.lib.uidaho.edu/collectionbuilder/watkins/89-1176.jpg,Image 5,"Watkins, Carleton E.",Anaconda Mine,900,1890,Anaconda Mine 900 level East Wealth of ore 80 ft.,"Watkins, Carleton E., 1829-1916; Anaconda Company; Butte (Mont.); Photographic prints",Anaconda Mine; Butte; Silver Bow County; Montana; United States,46.01972222,-112.5236111,"Carleton E. Watkins photographs, 1890, PG 89, University of Idaho Library Special Collections and Archives. https://www.lib.uidaho.edu/digital/watkins/",Black and White Photograph,image/jpeg,Image;StillImage,89-1176,eng,"Material has likely passed into public domain. Digital reproductions are made available by University of Idaho Library for educational purposes, and future use should acknowledge this repository. For more information, please contact University of Idaho Library Special Collections and Archives Department at libspec@uidaho.edu. The University of Idaho Library is not liable for any violations of the law by users.",http://rightsstatements.org/vocab/NoC-US/1.0/
watkins6,https://www.lib.uidaho.edu/collectionbuilder/watkins/89-1177.jpg,Image 6,"Watkins, Carleton E.",Anaconda Mine,900,1890,Anaconda Mine 900 level East Ore 80 ft.,"Watkins, Carleton E., 1829-1916; Anaconda Company; Butte (Mont.); Photographic prints",Anaconda Mine; Butte; Silver Bow County; Montana; United States,46.01972222,-112.5236111,"Carleton E. Watkins photographs, 1890, PG 89, University of Idaho Library Special Collections and Archives. https://www.lib.uidaho.edu/digital/watkins/",Black and White Photograph,image/jpeg,Image;StillImage,89-1177,eng,"Material has likely passed into public domain. Digital reproductions are made available by University of Idaho Library for educational purposes, and future use should acknowledge this repository. For more information, please contact University of Idaho Library Special Collections and Archives Department at libspec@uidaho.edu. The University of Idaho Library is not liable for any violations of the law by users.",http://rightsstatements.org/vocab/NoC-US/1.0/
watkins7,https://www.lib.uidaho.edu/collectionbuilder/watkins/89-1178.jpg,Image 7,"Watkins, Carleton E.",Anaconda Mine,900,1890,Anaconda Mine 900 level East Ore 80 ft.,"Watkins, Carleton E., 1829-1916; Anaconda Company; Butte (Mont.); Photographic prints",Anaconda Mine; Butte; Silver Bow County; Montana; United States,46.01972222,-112.5236111,"Carleton E. Watkins photographs, 1890, PG 89, University of Idaho Library Special Collections and Archives. https://www.lib.uidaho.edu/digital/watkins/",Black and White Photograph,image/jpeg,Image;StillImage,89-1178,eng,"Material has likely passed into public domain. Digital reproductions are made available by University of Idaho Library for educational purposes, and future use should acknowledge this repository. For more information, please contact University of Idaho Library Special Collections and Archives Department at libspec@uidaho.edu. The University of Idaho Library is not liable for any violations of the law by users.",http://rightsstatements.org/vocab/NoC-US/1.0/
watkins8,https://www.lib.uidaho.edu/collectionbuilder/watkins/89-1179.jpg,Image 8,"Watkins, Carleton E.",St. Lawrence Mine,800,1890,St. Lawrence 800 level West Ore 40 ft.,"Watkins, Carleton E., 1829-1916; Anaconda Company; Butte (Mont.); Photographic prints",St. Lawrence Mine; Butte; Silver Bow County; Montana; United States,46.01944444,-112.52,"Carleton E. Watkins photographs, 1890, PG 89, University of Idaho Library Special Collections and Archives. https://www.lib.uidaho.edu/digital/watkins/",Black and White Photograph,image/jpeg,Image;StillImage,89-1179,eng,"Material has likely passed into public domain. Digital reproductions are made available by University of Idaho Library for educational purposes, and future use should acknowledge this repository. For more information, please contact University of Idaho Library Special Collections and Archives Department at libspec@uidaho.edu. The University of Idaho Library is not liable for any violations of the law by users.",http://rightsstatements.org/vocab/NoC-US/1.0/
watkins9,https://www.lib.uidaho.edu/collectionbuilder/watkins/89-1181.jpg,Image 9,"Watkins, Carleton E.",St. Lawrence Mine,800,1890,St. Lawrence 800 level West Ore 40 ft.,"Watkins, Carleton E., 1829-1916; Anaconda Company; Butte (Mont.); Photographic prints",St. Lawrence Mine; Butte; Silver Bow County; Montana; United States,46.01944444,-112.52,"Carleton E. Watkins photographs, 1890, PG 89, University of Idaho Library Special Collections and Archives. https://www.lib.uidaho.edu/digital/watkins/",Black and White Photograph,image/jpeg,Image;StillImage,89-1181,eng,"Material has likely passed into public domain. Digital reproductions are made available by University of Idaho Library for educational purposes, and future use should acknowledge this repository. For more information, please contact University of Idaho Library Special Collections and Archives Department at libspec@uidaho.edu. The University of Idaho Library is not liable for any violations of the law by users.",http://rightsstatements.org/vocab/NoC-US/1.0/
watkins10,https://www.lib.uidaho.edu/collectionbuilder/watkins/89-1180.jpg,Image 10,"Watkins, Carleton E.",St. Lawrence Mine,800,1890,St. Lawrence 800 level West Ore 40 ft.,"Watkins, Carleton E., 1829-1916; Anaconda Company; Butte (Mont.); Photographic prints",St. Lawrence Mine; Butte; Silver Bow County; Montana; United States,46.01944444,-112.52,"Carleton E. Watkins photographs, 1890, PG 89, University of Idaho Library Special Collections and Archives. https://www.lib.uidaho.edu/digital/watkins/",Black and White Photograph,image/jpeg,Image;StillImage,89-1180,eng,"Material has likely passed into public domain. Digital reproductions are made available by University of Idaho Library for educational purposes, and future use should acknowledge this repository. For more information, please contact University of Idaho Library Special Collections and Archives Department at libspec@uidaho.edu. The University of Idaho Library is not liable for any violations of the law by users.",http://rightsstatements.org/vocab/NoC-US/1.0/